,30mer,GNL-Scorer
0,AGAAGACAACCTATTATCAAAAAAAGGAAA,-0.0032399141226204797
1,GTGCCAGGGCCAAGGTAGGCAAAAAGGAAA,0.0323898160974605
2,GTGCCAGGGCCAAGGTAGGCAAAAAGGAAA,0.0323898160974605
3,GTGCCAGGGCCAAGGTAGGCAAAAAGGAAA,0.0323898160974605
4,GTGCCAGGGCCAAGGTAGGCAAAAAGGAAA,0.0323898160974605
5,GTGCCAGGGCCAAGGTAGGCAAAAAGGAAA,0.0323898160974605
6,GTGCCAGGGCCAAGGTAGGCAAAAAGGAAA,0.0323898160974605
7,GTGCCAGGGCCAAGGTAGGCAAAAAGGAAA,0.0323898160974605
8,GTGCCAGGGCCAAGGTAGGCAAAAAGGAAA,0.0323898160974605
9,GTGCCAGGGCCAAGGTAGGCAAAAAGGAAA,0.0323898160974605
10,GTGCCAGGGCCAAGGTAGGCAAAAAGGAAA,0.0323898160974605
